{"meta":{"version":1,"warehouse":"4.0.0"},"models":{"Asset":[{"_id":"themes/keep/source/css/font-awesome.min.css","path":"css/font-awesome.min.css","modified":0,"renderable":1},{"_id":"themes/keep/source/css/style.styl","path":"css/style.styl","modified":0,"renderable":1},{"_id":"themes/keep/source/images/avatar.svg","path":"images/avatar.svg","modified":0,"renderable":1},{"_id":"themes/keep/source/images/bg.svg","path":"images/bg.svg","modified":0,"renderable":1},{"_id":"themes/keep/source/images/loading.svg","path":"images/loading.svg","modified":0,"renderable":1},{"_id":"themes/keep/source/images/logo.svg","path":"images/logo.svg","modified":0,"renderable":1},{"_id":"themes/keep/source/js/back2top.js","path":"js/back2top.js","modified":0,"renderable":1},{"_id":"themes/keep/source/js/code-copy.js","path":"js/code-copy.js","modified":0,"renderable":1},{"_id":"themes/keep/source/js/dark-light-toggle.js","path":"js/dark-light-toggle.js","modified":0,"renderable":1},{"_id":"themes/keep/source/js/header-shrink.js","path":"js/header-shrink.js","modified":0,"renderable":1},{"_id":"themes/keep/source/js/lazyload.js","path":"js/lazyload.js","modified":0,"renderable":1},{"_id":"themes/keep/source/js/left-side-toggle.js","path":"js/left-side-toggle.js","modified":0,"renderable":1},{"_id":"themes/keep/source/js/local-search.js","path":"js/local-search.js","modified":0,"renderable":1},{"_id":"themes/keep/source/js/main.js","path":"js/main.js","modified":0,"renderable":1},{"_id":"themes/keep/source/js/toc.js","path":"js/toc.js","modified":0,"renderable":1},{"_id":"themes/keep/source/js/utils.js","path":"js/utils.js","modified":0,"renderable":1},{"_id":"themes/keep/source/webfonts/fa-brands-400.eot","path":"webfonts/fa-brands-400.eot","modified":0,"renderable":1},{"_id":"themes/keep/source/webfonts/fa-brands-400.svg","path":"webfonts/fa-brands-400.svg","modified":0,"renderable":1},{"_id":"themes/keep/source/webfonts/fa-brands-400.ttf","path":"webfonts/fa-brands-400.ttf","modified":0,"renderable":1},{"_id":"themes/keep/source/webfonts/fa-brands-400.woff","path":"webfonts/fa-brands-400.woff","modified":0,"renderable":1},{"_id":"themes/keep/source/webfonts/fa-brands-400.woff2","path":"webfonts/fa-brands-400.woff2","modified":0,"renderable":1},{"_id":"themes/keep/source/webfonts/fa-regular-400.eot","path":"webfonts/fa-regular-400.eot","modified":0,"renderable":1},{"_id":"themes/keep/source/webfonts/fa-regular-400.svg","path":"webfonts/fa-regular-400.svg","modified":0,"renderable":1},{"_id":"themes/keep/source/webfonts/fa-regular-400.ttf","path":"webfonts/fa-regular-400.ttf","modified":0,"renderable":1},{"_id":"themes/keep/source/webfonts/fa-regular-400.woff","path":"webfonts/fa-regular-400.woff","modified":0,"renderable":1},{"_id":"themes/keep/source/webfonts/fa-regular-400.woff2","path":"webfonts/fa-regular-400.woff2","modified":0,"renderable":1},{"_id":"themes/keep/source/webfonts/fa-solid-900.eot","path":"webfonts/fa-solid-900.eot","modified":0,"renderable":1},{"_id":"themes/keep/source/webfonts/fa-solid-900.svg","path":"webfonts/fa-solid-900.svg","modified":0,"renderable":1},{"_id":"themes/keep/source/webfonts/fa-solid-900.ttf","path":"webfonts/fa-solid-900.ttf","modified":0,"renderable":1},{"_id":"themes/keep/source/webfonts/fa-solid-900.woff","path":"webfonts/fa-solid-900.woff","modified":0,"renderable":1},{"_id":"themes/keep/source/webfonts/fa-solid-900.woff2","path":"webfonts/fa-solid-900.woff2","modified":0,"renderable":1},{"_id":"themes/keep/source/css/common/animated.styl","path":"css/common/animated.styl","modified":0,"renderable":1},{"_id":"themes/keep/source/css/common/basic.styl","path":"css/common/basic.styl","modified":0,"renderable":1},{"_id":"themes/keep/source/css/common/keep-theme.styl","path":"css/common/keep-theme.styl","modified":0,"renderable":1},{"_id":"themes/keep/source/css/common/markdown.styl","path":"css/common/markdown.styl","modified":0,"renderable":1},{"_id":"themes/keep/source/css/common/variables.styl","path":"css/common/variables.styl","modified":0,"renderable":1},{"_id":"themes/keep/source/css/layout/archive-content.styl","path":"css/layout/archive-content.styl","modified":0,"renderable":1},{"_id":"themes/keep/source/css/layout/article-content.styl","path":"css/layout/article-content.styl","modified":0,"renderable":1},{"_id":"themes/keep/source/css/layout/category-content.styl","path":"css/layout/category-content.styl","modified":0,"renderable":1},{"_id":"themes/keep/source/css/layout/category-list.styl","path":"css/layout/category-list.styl","modified":0,"renderable":1},{"_id":"themes/keep/source/css/layout/home-content.styl","path":"css/layout/home-content.styl","modified":0,"renderable":1},{"_id":"themes/keep/source/css/layout/page.styl","path":"css/layout/page.styl","modified":0,"renderable":1},{"_id":"themes/keep/source/css/layout/tag-content.styl","path":"css/layout/tag-content.styl","modified":0,"renderable":1},{"_id":"themes/keep/source/js/libs/anime.min.js","path":"js/libs/anime.min.js","modified":0,"renderable":1},{"_id":"themes/keep/source/js/libs/pjax.min.js","path":"js/libs/pjax.min.js","modified":0,"renderable":1},{"_id":"themes/keep/source/css/common/codeblock/code-theme.styl","path":"css/common/codeblock/code-theme.styl","modified":0,"renderable":1},{"_id":"themes/keep/source/css/common/codeblock/copy-code.styl","path":"css/common/codeblock/copy-code.styl","modified":0,"renderable":1},{"_id":"themes/keep/source/css/common/codeblock/highlight.styl","path":"css/common/codeblock/highlight.styl","modified":0,"renderable":1},{"_id":"themes/keep/source/images/avatar_my.svg","path":"images/avatar_my.svg","modified":0,"renderable":1},{"_id":"themes/keep/source/images/logo_my.png","path":"images/logo_my.png","modified":0,"renderable":1}],"Cache":[{"_id":"source/_posts/hello-world.md","hash":"7d98d6592de80fdcd2949bd7401cec12afd98cdf","modified":1615002690466},{"_id":"themes/keep/.editorconfig","hash":"a1c91f0a086bf92fddb02ccf23578ec2b51c099c","modified":1615003027703},{"_id":"themes/keep/.gitignore","hash":"b49daa26b8121cc0c7074d61b377c8e7e0880d03","modified":1615003027703},{"_id":"themes/keep/LICENSE","hash":"98b8bd28e54ab36ee12396687dfdf88807c6cfdd","modified":1615003027703},{"_id":"themes/keep/README.md","hash":"63a8bf3e6b89edf8075c1f7d50185d752e0a784e","modified":1615003027703},{"_id":"themes/keep/README_zh-CN.md","hash":"7c488aa0dfaf2e587055b4160053677d95107ff8","modified":1615003027703},{"_id":"themes/keep/_config.yml","hash":"e233156fe07a763b8ce1cee98babe5d8ffed8beb","modified":1615010070055},{"_id":"themes/keep/package.json","hash":"42ad8ba126932f1890d06960a54b9161257e069d","modified":1615003027704},{"_id":"themes/keep/languages/en.yml","hash":"e4f42cfda0ed6ea1715d28fd4b1bba6f89b8cdb0","modified":1615003027703},{"_id":"themes/keep/languages/zh-CN.yml","hash":"de8aec3e9960fa489c0a290cda825dfc1e7528dd","modified":1615003027703},{"_id":"themes/keep/layout/archive-content.ejs","hash":"cfa8f29b8863534f407136ea3deb18a4b2ff722c","modified":1615003027704},{"_id":"themes/keep/layout/archive.ejs","hash":"8456f112fc12bbb1c83cd190d0ce83ee474bd297","modified":1615003027704},{"_id":"themes/keep/layout/article-content.ejs","hash":"ae9fc0712b89af58e80b6c6daf749d01624c4a3c","modified":1615003027704},{"_id":"themes/keep/layout/category-content.ejs","hash":"aef0c90a395f909be7d2c358eb41d5558a10406f","modified":1615003027704},{"_id":"themes/keep/layout/category-list.ejs","hash":"a9390b25238332417fd554d32563a4d9999db90f","modified":1615003027704},{"_id":"themes/keep/layout/category.ejs","hash":"8456f112fc12bbb1c83cd190d0ce83ee474bd297","modified":1615003027704},{"_id":"themes/keep/layout/home-content.ejs","hash":"79e16c3baa6569afbc07ac6a5d2e3f37b273016a","modified":1615003027704},{"_id":"themes/keep/layout/index.ejs","hash":"f5fee4e079a9c2c23059ebde4cd89ec723e310c6","modified":1615003027704},{"_id":"themes/keep/layout/layout.ejs","hash":"da9dbeba541ad19fed35c41fe187f4016e41f0db","modified":1615003027704},{"_id":"themes/keep/layout/page.ejs","hash":"4bf34f19bcf18efb5f6e76fcbe7cd36b25ceee6a","modified":1615003027704},{"_id":"themes/keep/layout/tag-content.ejs","hash":"ce4c8192a4ccd6a626af412a7ba258d1edbc0b95","modified":1615003027704},{"_id":"themes/keep/layout/tag.ejs","hash":"8456f112fc12bbb1c83cd190d0ce83ee474bd297","modified":1615003027704},{"_id":"themes/keep/layout/tags.ejs","hash":"8456f112fc12bbb1c83cd190d0ce83ee474bd297","modified":1615003027704},{"_id":"themes/keep/scripts/use-source-data.js","hash":"21f6a49e47b7e4d792d67503079ea5b509f18311","modified":1615003027704},{"_id":"themes/keep/layout/_partial/archive-list.ejs","hash":"7c33e49286d54824cd8f3483e30de5579951edc6","modified":1615003027703},{"_id":"themes/keep/layout/_partial/article-copyright-info.ejs","hash":"77e13720374efb902ee3d4d04d13b62de033a3ae","modified":1615003027703},{"_id":"themes/keep/layout/_partial/article-meta-info.ejs","hash":"54f77621034e39809911a184f15006ce80e0f67b","modified":1615003027703},{"_id":"themes/keep/layout/_partial/first-screen.ejs","hash":"106683de71f01b368c6f0c5417952b54fcdc9611","modified":1615003027703},{"_id":"themes/keep/layout/_partial/footer.ejs","hash":"0b00a5b13d71d5f616079fb8d3a7ce66db36c5e9","modified":1615003027703},{"_id":"themes/keep/layout/_partial/friends-link.ejs","hash":"b3dd2feb168c81332845051fe60e9a94cff7fd9a","modified":1615003027703},{"_id":"themes/keep/layout/_partial/head.ejs","hash":"03eb99b95500c8b2daa7f469aed4f4515f5e994e","modified":1615003027703},{"_id":"themes/keep/layout/_partial/header.ejs","hash":"8f2d389c6db5c9e8e6d30fb1579d99ee1660a485","modified":1615003027704},{"_id":"themes/keep/layout/_partial/home-article-meta-info.ejs","hash":"0aceb1c7c29b65bd5fc2d79a285a564da8c09b63","modified":1615003027704},{"_id":"themes/keep/layout/_partial/image-viewer.ejs","hash":"beb3dec5e08856a29d585fe0eb94a8a6ddade4dd","modified":1615003027704},{"_id":"themes/keep/layout/_partial/local-search.ejs","hash":"6fbcc0a14467da8362a2eaa490d84acb1336d21b","modified":1615003027704},{"_id":"themes/keep/layout/_partial/page-template.ejs","hash":"8fd596f871326b03e707d7defcc96f639cdd628e","modified":1615003027704},{"_id":"themes/keep/layout/_partial/paginator.ejs","hash":"cfd4d9a30bd20ee0750b79226cb94562439013bf","modified":1615003027704},{"_id":"themes/keep/layout/_partial/post-tools.ejs","hash":"e8a303fa393a1716c5ff1f731923781eb12322ab","modified":1615003027704},{"_id":"themes/keep/layout/_partial/progress-bar.ejs","hash":"44af04816b86546e0260e73c2df61353e7404208","modified":1615003027704},{"_id":"themes/keep/layout/_partial/scripts.ejs","hash":"ad75de7966c4d9d923c9ac8cfbfe26b38fbe7aed","modified":1615003027704},{"_id":"themes/keep/layout/_partial/side-tools.ejs","hash":"e55d2034d7e2b8b0c1bd5ac7fdc56ffb8bbd4e60","modified":1615003027704},{"_id":"themes/keep/layout/_partial/tagcloud.ejs","hash":"5968618b53a029922f2255b0c76bf8a9f11712ff","modified":1615003027704},{"_id":"themes/keep/layout/_partial/toc.ejs","hash":"aefc9db612c0fceb4a02fdbed9fa47a6c4e144b5","modified":1615003027704},{"_id":"themes/keep/scripts/filters/lazyload-handle.js","hash":"2eb08e3b66b57deed5a8645eb804fede0253317d","modified":1615003027704},{"_id":"themes/keep/scripts/filters/link-handle.js","hash":"b39cfa42d156b7ad4d4e8246b6f934cd51d8db55","modified":1615003027704},{"_id":"themes/keep/scripts/helpers/export-config.js","hash":"e7c5417a1cd61f0b7c3f97030d4a77419c41b8a5","modified":1615003027704},{"_id":"themes/keep/scripts/helpers/helper.js","hash":"0d2dd8ed72f38d627aefa0a969152f7dcc87b3d3","modified":1615003027704},{"_id":"themes/keep/source/css/font-awesome.min.css","hash":"c508528feb9fd540454f838653cd4863b290df2e","modified":1615003027705},{"_id":"themes/keep/source/css/style.styl","hash":"77b61baccadc3f71d1d06598f5c2b7fc506d77d4","modified":1615003027706},{"_id":"themes/keep/source/images/avatar.svg","hash":"aba8367cd7550e75279f707671d7146813c2a776","modified":1615003027706},{"_id":"themes/keep/source/images/bg.svg","hash":"f3106cd334dc2ceef885c19012bf59a48498af42","modified":1615003027706},{"_id":"themes/keep/source/images/loading.svg","hash":"eedfa204e08a60ca5c80c620cfe9a3eaa6201585","modified":1615003027706},{"_id":"themes/keep/source/images/logo.svg","hash":"b618728f9964a5698b1dc2548db35b3d06dd115f","modified":1615003027706},{"_id":"themes/keep/source/js/back2top.js","hash":"fc8e85f6704e39ae3a613bbec5dd51d449be8010","modified":1615003027706},{"_id":"themes/keep/source/js/code-copy.js","hash":"3fdabac26f6406a4592336f1f444ec966201b5d9","modified":1615003027706},{"_id":"themes/keep/source/js/dark-light-toggle.js","hash":"223e6f1d4e6e70956e4661b58c430e1c68def125","modified":1615003027706},{"_id":"themes/keep/source/js/header-shrink.js","hash":"167b9b6a9ed63c6cf4081cb3c201dd16bbbfb9ad","modified":1615003027706},{"_id":"themes/keep/source/js/lazyload.js","hash":"95aad532f17d7a8119979fc61ade9e626308a2af","modified":1615003027706},{"_id":"themes/keep/source/js/left-side-toggle.js","hash":"618f7cfc45db4d82b2f1d00d8e9ee936bcf9043b","modified":1615003027706},{"_id":"themes/keep/source/js/local-search.js","hash":"9509ec6d2d7d4466fe37ad624cf606f6639fb3fe","modified":1615003027707},{"_id":"themes/keep/source/js/main.js","hash":"ca8ed228cc0bc234be74428d029cfd047eec0ed6","modified":1615003027707},{"_id":"themes/keep/source/js/toc.js","hash":"ae69bf65d2b30d299b6ca9e2361d3b6e0db3a077","modified":1615003027707},{"_id":"themes/keep/source/js/utils.js","hash":"47c6d222a116498359345777aea383c429975abf","modified":1615003027707},{"_id":"themes/keep/source/webfonts/fa-regular-400.eot","hash":"2baa9a8aa68f1d2d4712b3c7205f9105aaf21879","modified":1615003027715},{"_id":"themes/keep/source/webfonts/fa-regular-400.ttf","hash":"d64e58981a419de52bac110c979887d34e366135","modified":1615003027716},{"_id":"themes/keep/source/webfonts/fa-regular-400.woff","hash":"26afc29d39ab9fac6d0b607be7e76db093ff7c3a","modified":1615003027716},{"_id":"themes/keep/source/webfonts/fa-regular-400.woff2","hash":"fb9648469530a05fa9aac80e47d4d6960472a242","modified":1615003027717},{"_id":"themes/keep/layout/_partial/comment/comment.ejs","hash":"4a7294bbe9aa4be22878e8a638668ed7ade25e2c","modified":1615003027703},{"_id":"themes/keep/layout/_partial/comment/gitalk.ejs","hash":"28a0c8b1da66a9b6863e5444aa0b50c8f6b862f0","modified":1615003027703},{"_id":"themes/keep/layout/_partial/comment/twikoo.ejs","hash":"92d858874543c4ba149acd04374d84e784ba0aaf","modified":1615003027703},{"_id":"themes/keep/layout/_partial/comment/valine.ejs","hash":"467cafd412837af791b4c353646cf44ac4458a3f","modified":1615003027703},{"_id":"themes/keep/layout/_partial/pjax/pjax.ejs","hash":"2060f13718b4c9f79f52de7e47ce262f06c19bd0","modified":1615003027704},{"_id":"themes/keep/source/css/common/animated.styl","hash":"982afcd440646eff077834e42bb03405a8aab637","modified":1615003027704},{"_id":"themes/keep/source/css/common/basic.styl","hash":"c568ed052e2f67f07db816ccf7463965030308c3","modified":1615003027704},{"_id":"themes/keep/source/css/common/keep-theme.styl","hash":"9b6bf080299102571a6667ca99a62f53c9684246","modified":1615003027704},{"_id":"themes/keep/source/css/common/markdown.styl","hash":"3988a07792cb5f05d03e6f406b802c8278bb5f41","modified":1615003027704},{"_id":"themes/keep/source/css/common/variables.styl","hash":"7a3e118d0259084a257327ed6d89f2ceeac6d51f","modified":1615003027705},{"_id":"themes/keep/source/css/layout/archive-content.styl","hash":"515ebe2a251f3b53f0cf130cdc48b8bb1fb85952","modified":1615003027706},{"_id":"themes/keep/source/css/layout/article-content.styl","hash":"327bb874968feaa981093c3f218b48aa34cd1d44","modified":1615003027706},{"_id":"themes/keep/source/css/layout/category-content.styl","hash":"638c3b50d8203c76106f3010fbfeed9a29bfde5c","modified":1615003027706},{"_id":"themes/keep/source/css/layout/category-list.styl","hash":"bea0a03fe3de16ed08e7b3b541a46d2074561841","modified":1615003027706},{"_id":"themes/keep/source/css/layout/home-content.styl","hash":"2f2ee2f70020cf5e2ffb5612607bd58772e785a4","modified":1615003027706},{"_id":"themes/keep/source/css/layout/page.styl","hash":"f58cede20abbf250dfe7d38f594632c5b46a61e9","modified":1615003027706},{"_id":"themes/keep/source/css/layout/tag-content.styl","hash":"0d1cc0cc0d263f55b9c7245c1dc023abdcfcd69f","modified":1615003027706},{"_id":"themes/keep/source/js/libs/anime.min.js","hash":"47cb482a8a488620a793d50ba8f6752324b46af3","modified":1615003027706},{"_id":"themes/keep/source/js/libs/pjax.min.js","hash":"57ec40cb4898d7ba74a03603d608af378e5431f8","modified":1615003027707},{"_id":"themes/keep/source/css/common/codeblock/code-theme.styl","hash":"fd81f8a76ae4f55bf5da38116bbc4f0e973daad2","modified":1615003027704},{"_id":"themes/keep/source/css/common/codeblock/copy-code.styl","hash":"1edcb0ece1bf4b9838c1937e98eaa845de7f4b3b","modified":1615003027704},{"_id":"themes/keep/source/css/common/codeblock/highlight.styl","hash":"64ea39fa5503f6c5a21a9ed7c9d3d5103cccad5a","modified":1615003027704},{"_id":"themes/keep/source/css/layout/_partial/archive-list.styl","hash":"95c41684691a849d102c5a30efb365300d3d5c6d","modified":1615003027705},{"_id":"themes/keep/source/css/layout/_partial/article-copyright-info.styl","hash":"6eaa067231bd9e9faa5de2260b8974142faae510","modified":1615003027705},{"_id":"themes/keep/source/css/layout/_partial/article-meta-info.styl","hash":"91bf4f2f58217c0d0c6d51ad4792e5e0a00c3165","modified":1615003027705},{"_id":"themes/keep/source/css/layout/_partial/first-screen.styl","hash":"d73c088e639d2d4e076552ff92e611682ce2380b","modified":1615003027705},{"_id":"themes/keep/source/css/layout/_partial/footer.styl","hash":"19a8fc0a01bf1efed637e90530c412d57137dfc4","modified":1615003027705},{"_id":"themes/keep/source/css/layout/_partial/header.styl","hash":"4d77c69a897df137b8a1a0c451e95e6aad7d2ad7","modified":1615003027705},{"_id":"themes/keep/source/css/layout/_partial/image-viewer.styl","hash":"59525fcc1f88c78abf8c1f0b06e24b16a088698c","modified":1615003027705},{"_id":"themes/keep/source/css/layout/_partial/local-search.styl","hash":"98aa2e22f16b98b2ffdbf36e1ea24363f8e5045b","modified":1615003027705},{"_id":"themes/keep/source/css/layout/_partial/page-template.styl","hash":"27d1e19691867a09283facd2983afb9a3404e999","modified":1615003027705},{"_id":"themes/keep/source/css/layout/_partial/paginator.styl","hash":"da5df38b09138af28cb8b3fe9a05aeda9dae5011","modified":1615003027705},{"_id":"themes/keep/source/css/layout/_partial/post-tools.styl","hash":"f78a13e3b03b19cb72b03db0a5659f8c734e742e","modified":1615003027705},{"_id":"themes/keep/source/css/layout/_partial/progress-bar.styl","hash":"a64df5515c60a3a0993c427dc50facee33215f2b","modified":1615003027706},{"_id":"themes/keep/source/css/layout/_partial/side-tools.styl","hash":"a68a1e3f21da63ee2d387035e91f9f60e956e234","modified":1615003027706},{"_id":"themes/keep/source/css/layout/_partial/tagcloud.styl","hash":"61016e73c8e420c74800b3afdbd6c2f890400e51","modified":1615003027706},{"_id":"themes/keep/source/css/layout/_partial/toc.styl","hash":"029ac31a21203a8b86027e67a3ff3a977579325d","modified":1615003027706},{"_id":"themes/keep/source/css/layout/_partial/comment/comment.styl","hash":"f6d9a37520566e38738fc1184ed76817273c3ee5","modified":1615003027705},{"_id":"themes/keep/source/css/layout/_partial/comment/gitalk.styl","hash":"b8fccd13e2753c9fe891fb88a6413087048ab830","modified":1615003027705},{"_id":"themes/keep/source/css/layout/_partial/comment/twikoo.styl","hash":"5844874c50a93239031e58b23856698ca9af2725","modified":1615003027705},{"_id":"themes/keep/source/css/layout/_partial/comment/valine.styl","hash":"6b0c7d69fc3f819610576b41e987ec655411ca44","modified":1615003027705},{"_id":"themes/keep/source/webfonts/fa-brands-400.woff","hash":"a42ac4a94f4e0e9333cdb1b2fb6c13c0ae690ff2","modified":1615003027715},{"_id":"themes/keep/source/webfonts/fa-brands-400.woff2","hash":"f726c4275bb494a045fde059175f072de06c01df","modified":1615003027715},{"_id":"themes/keep/source/webfonts/fa-solid-900.woff","hash":"3b86a0ce15d8d534b65e98560e321a933d310688","modified":1615003027726},{"_id":"themes/keep/source/webfonts/fa-solid-900.woff2","hash":"9b592048b9062b00f0b2dd782d70a95b7dc69b83","modified":1615003027726},{"_id":"themes/keep/source/webfonts/fa-brands-400.eot","hash":"c719f4375679ee58e156434f9ba9727be669cf07","modified":1615003027708},{"_id":"themes/keep/source/webfonts/fa-brands-400.ttf","hash":"9b49c6c5b0cbdef158ae31b2a4e4814555408389","modified":1615003027715},{"_id":"themes/keep/source/webfonts/fa-regular-400.svg","hash":"c41a688158d577e3a2738137992d49b05b17ab8f","modified":1615003027716},{"_id":"themes/keep/source/webfonts/fa-solid-900.eot","hash":"c39b89f7fa7b66931ab02a54002db5ffcbff206c","modified":1615003027718},{"_id":"themes/keep/source/webfonts/fa-solid-900.ttf","hash":"d537bf4cc7273ddb3fd754d53f2b241aeafaefe7","modified":1615003027726},{"_id":"themes/keep/source/webfonts/fa-brands-400.svg","hash":"69a0ff79a9d93a451e9fa90bd79ae7008d2a9da5","modified":1615003027713},{"_id":"themes/keep/source/webfonts/fa-solid-900.svg","hash":"36de6a298660ed3feaab37900f7b28c3e981d80e","modified":1615003027724},{"_id":"themes/keep/._config.yml.swp","hash":"4d20fb07d3067bbf8d2fd3988692f1830c7dadfd","modified":1615010074063},{"_id":"themes/keep/source/images/avatar_my.svg","hash":"487436e43ef8b496c06433eb7b66c487ca4da10d","modified":1615008985095},{"_id":"themes/keep/source/images/logo_my.png","hash":"ba63a91022a302d085ec43ddd57404d607fe9539","modified":1615009752125},{"_id":"public/search.json","hash":"60245db4430199ac12ca13798bedf3e7f4aaf870","modified":1615010081238},{"_id":"public/2021/03/06/hello-world/index.html","hash":"2a4a5df2d0fb5680a12791ac653a166c564265ec","modified":1615010081238},{"_id":"public/archives/index.html","hash":"c9d4b83de90fee28e0f9a37de1f5fd7ce88d9f76","modified":1615010081238},{"_id":"public/archives/2021/index.html","hash":"e126e455c63c2875ef5bb2948939ea9116415890","modified":1615010081238},{"_id":"public/archives/2021/03/index.html","hash":"fc88e23d41c374e1f3d836e2e4c58a28c36e730a","modified":1615010081238},{"_id":"public/index.html","hash":"a2e4a60f5871b2fa2ca19af1470a9a356b24152f","modified":1615010081238},{"_id":"public/images/avatar.svg","hash":"aba8367cd7550e75279f707671d7146813c2a776","modified":1615010081238},{"_id":"public/images/bg.svg","hash":"f3106cd334dc2ceef885c19012bf59a48498af42","modified":1615010081238},{"_id":"public/images/loading.svg","hash":"eedfa204e08a60ca5c80c620cfe9a3eaa6201585","modified":1615010081238},{"_id":"public/images/logo.svg","hash":"b618728f9964a5698b1dc2548db35b3d06dd115f","modified":1615010081238},{"_id":"public/webfonts/fa-regular-400.eot","hash":"2baa9a8aa68f1d2d4712b3c7205f9105aaf21879","modified":1615010081238},{"_id":"public/webfonts/fa-regular-400.ttf","hash":"d64e58981a419de52bac110c979887d34e366135","modified":1615010081238},{"_id":"public/webfonts/fa-regular-400.woff","hash":"26afc29d39ab9fac6d0b607be7e76db093ff7c3a","modified":1615010081238},{"_id":"public/webfonts/fa-regular-400.woff2","hash":"fb9648469530a05fa9aac80e47d4d6960472a242","modified":1615010081238},{"_id":"public/images/avatar_my.svg","hash":"487436e43ef8b496c06433eb7b66c487ca4da10d","modified":1615010081238},{"_id":"public/images/logo_my.png","hash":"ba63a91022a302d085ec43ddd57404d607fe9539","modified":1615010081238},{"_id":"public/webfonts/fa-brands-400.woff","hash":"a42ac4a94f4e0e9333cdb1b2fb6c13c0ae690ff2","modified":1615010081238},{"_id":"public/webfonts/fa-brands-400.woff2","hash":"f726c4275bb494a045fde059175f072de06c01df","modified":1615010081238},{"_id":"public/webfonts/fa-solid-900.woff","hash":"3b86a0ce15d8d534b65e98560e321a933d310688","modified":1615010081238},{"_id":"public/webfonts/fa-solid-900.woff2","hash":"9b592048b9062b00f0b2dd782d70a95b7dc69b83","modified":1615010081238},{"_id":"public/js/back2top.js","hash":"fc8e85f6704e39ae3a613bbec5dd51d449be8010","modified":1615010081238},{"_id":"public/js/code-copy.js","hash":"3fdabac26f6406a4592336f1f444ec966201b5d9","modified":1615010081238},{"_id":"public/js/dark-light-toggle.js","hash":"223e6f1d4e6e70956e4661b58c430e1c68def125","modified":1615010081238},{"_id":"public/js/header-shrink.js","hash":"167b9b6a9ed63c6cf4081cb3c201dd16bbbfb9ad","modified":1615010081238},{"_id":"public/js/lazyload.js","hash":"95aad532f17d7a8119979fc61ade9e626308a2af","modified":1615010081238},{"_id":"public/js/left-side-toggle.js","hash":"618f7cfc45db4d82b2f1d00d8e9ee936bcf9043b","modified":1615010081238},{"_id":"public/js/local-search.js","hash":"9509ec6d2d7d4466fe37ad624cf606f6639fb3fe","modified":1615010081238},{"_id":"public/js/main.js","hash":"ca8ed228cc0bc234be74428d029cfd047eec0ed6","modified":1615010081238},{"_id":"public/js/toc.js","hash":"ae69bf65d2b30d299b6ca9e2361d3b6e0db3a077","modified":1615010081238},{"_id":"public/js/utils.js","hash":"47c6d222a116498359345777aea383c429975abf","modified":1615010081238},{"_id":"public/css/style.css","hash":"eb7675261fdae82d9743d94c5ff9c2eaf21e8592","modified":1615010081238},{"_id":"public/webfonts/fa-brands-400.eot","hash":"c719f4375679ee58e156434f9ba9727be669cf07","modified":1615010081238},{"_id":"public/webfonts/fa-brands-400.ttf","hash":"9b49c6c5b0cbdef158ae31b2a4e4814555408389","modified":1615010081238},{"_id":"public/webfonts/fa-regular-400.svg","hash":"c41a688158d577e3a2738137992d49b05b17ab8f","modified":1615010081238},{"_id":"public/css/common/animated.css","hash":"061e145f3c7ac90dd305bd5260aaee71b1833167","modified":1615010081238},{"_id":"public/css/common/basic.css","hash":"405fd058fd1e95c0e5eadfd8c50d35fef2bafeaf","modified":1615010081238},{"_id":"public/css/common/keep-theme.css","hash":"da39a3ee5e6b4b0d3255bfef95601890afd80709","modified":1615010081238},{"_id":"public/css/common/markdown.css","hash":"6e058a834eae267ba7edd1517ab6384d54321748","modified":1615010081238},{"_id":"public/css/common/variables.css","hash":"74aa9b6370901c80ee916bdf8e4907f48d5b85d9","modified":1615010081238},{"_id":"public/css/layout/archive-content.css","hash":"da39a3ee5e6b4b0d3255bfef95601890afd80709","modified":1615010081238},{"_id":"public/css/layout/article-content.css","hash":"bb2e9b90086c4a014d0dbeb97cd0beedab27fe9c","modified":1615010081238},{"_id":"public/css/layout/category-content.css","hash":"9687f9cbe029092b633fb804c28ecdcb54860511","modified":1615010081238},{"_id":"public/css/layout/category-list.css","hash":"672859a61a4e93c0514772112fb557395306e940","modified":1615010081238},{"_id":"public/css/layout/home-content.css","hash":"be1438b849ebf82cea573986fbbd1deed5334a72","modified":1615010081238},{"_id":"public/css/layout/page.css","hash":"dc57eee2b360ad0e9910d69653d547f033dbbd4c","modified":1615010081238},{"_id":"public/css/layout/tag-content.css","hash":"90b0cff1ef0228035cdca9ade2adef71c6c8fb5e","modified":1615010081238},{"_id":"public/css/common/codeblock/code-theme.css","hash":"e1f7d141756aebf3587fb5de8f951c7d7e963300","modified":1615010081238},{"_id":"public/css/common/codeblock/copy-code.css","hash":"fa5f022395fe92b6daea063418a32f8c19be6168","modified":1615010081238},{"_id":"public/css/common/codeblock/highlight.css","hash":"6a4b0339a26ee74c0b8d947129aafd64ac5947f2","modified":1615010081238},{"_id":"public/webfonts/fa-solid-900.eot","hash":"c39b89f7fa7b66931ab02a54002db5ffcbff206c","modified":1615010081238},{"_id":"public/webfonts/fa-solid-900.ttf","hash":"d537bf4cc7273ddb3fd754d53f2b241aeafaefe7","modified":1615010081238},{"_id":"public/js/libs/anime.min.js","hash":"47cb482a8a488620a793d50ba8f6752324b46af3","modified":1615010081238},{"_id":"public/js/libs/pjax.min.js","hash":"57ec40cb4898d7ba74a03603d608af378e5431f8","modified":1615010081238},{"_id":"public/css/font-awesome.min.css","hash":"c508528feb9fd540454f838653cd4863b290df2e","modified":1615010081238},{"_id":"public/webfonts/fa-brands-400.svg","hash":"69a0ff79a9d93a451e9fa90bd79ae7008d2a9da5","modified":1615010081238},{"_id":"public/webfonts/fa-solid-900.svg","hash":"36de6a298660ed3feaab37900f7b28c3e981d80e","modified":1615010081238}],"Category":[],"Data":[],"Page":[],"Post":[{"title":"Hello World","_content":"Welcome to [Hexo](https://hexo.io/)! This is your very first post. Check [documentation](https://hexo.io/docs/) for more info. If you get any problems when using Hexo, you can find the answer in [troubleshooting](https://hexo.io/docs/troubleshooting.html) or you can ask me on [GitHub](https://github.com/hexojs/hexo/issues).\n\n## Quick Start\n\n### Create a new post\n\n``` bash\n$ hexo new \"My New Post\"\n```\n\nMore info: [Writing](https://hexo.io/docs/writing.html)\n\n### Run server\n\n``` bash\n$ hexo server\n```\n\nMore info: [Server](https://hexo.io/docs/server.html)\n\n### Generate static files\n\n``` bash\n$ hexo generate\n```\n\nMore info: [Generating](https://hexo.io/docs/generating.html)\n\n### Deploy to remote sites\n\n``` bash\n$ hexo deploy\n```\n\nMore info: [Deployment](https://hexo.io/docs/one-command-deployment.html)\n","source":"_posts/hello-world.md","raw":"---\ntitle: Hello World\n---\nWelcome to [Hexo](https://hexo.io/)! This is your very first post. Check [documentation](https://hexo.io/docs/) for more info. If you get any problems when using Hexo, you can find the answer in [troubleshooting](https://hexo.io/docs/troubleshooting.html) or you can ask me on [GitHub](https://github.com/hexojs/hexo/issues).\n\n## Quick Start\n\n### Create a new post\n\n``` bash\n$ hexo new \"My New Post\"\n```\n\nMore info: [Writing](https://hexo.io/docs/writing.html)\n\n### Run server\n\n``` bash\n$ hexo server\n```\n\nMore info: [Server](https://hexo.io/docs/server.html)\n\n### Generate static files\n\n``` bash\n$ hexo generate\n```\n\nMore info: [Generating](https://hexo.io/docs/generating.html)\n\n### Deploy to remote sites\n\n``` bash\n$ hexo deploy\n```\n\nMore info: [Deployment](https://hexo.io/docs/one-command-deployment.html)\n","slug":"hello-world","published":1,"date":"2021-03-06T03:51:30.466Z","updated":"2021-03-06T03:51:30.466Z","comments":1,"layout":"post","photos":[],"link":"","_id":"cklx7r3og00003tk88qwu8bgd","content":"<p>Welcome to <a class=\"link\"   href=\"https://hexo.io/\" >Hexo<i class=\"fas fa-external-link-alt\"></i></a>! This is your very first post. Check <a class=\"link\"   href=\"https://hexo.io/docs/\" >documentation<i class=\"fas fa-external-link-alt\"></i></a> for more info. If you get any problems when using Hexo, you can find the answer in <a class=\"link\"   href=\"https://hexo.io/docs/troubleshooting.html\" >troubleshooting<i class=\"fas fa-external-link-alt\"></i></a> or you can ask me on <a class=\"link\"   href=\"https://github.com/hexojs/hexo/issues\" >GitHub<i class=\"fas fa-external-link-alt\"></i></a>.</p>\n<h2 id=\"Quick-Start\"><a href=\"#Quick-Start\" class=\"headerlink\" title=\"Quick Start\"></a>Quick Start</h2><h3 id=\"Create-a-new-post\"><a href=\"#Create-a-new-post\" class=\"headerlink\" title=\"Create a new post\"></a>Create a new post</h3><figure class=\"highlight bash\"><table><tr><td class=\"gutter\"><pre><span class=\"line\">1</span><br></pre></td><td class=\"code\"><pre><span class=\"line\">$ hexo new <span class=\"string\">&quot;My New Post&quot;</span></span><br></pre></td></tr></table></figure>\n\n<p>More info: <a class=\"link\"   href=\"https://hexo.io/docs/writing.html\" >Writing<i class=\"fas fa-external-link-alt\"></i></a></p>\n<h3 id=\"Run-server\"><a href=\"#Run-server\" class=\"headerlink\" title=\"Run server\"></a>Run server</h3><figure class=\"highlight bash\"><table><tr><td class=\"gutter\"><pre><span class=\"line\">1</span><br></pre></td><td class=\"code\"><pre><span class=\"line\">$ hexo server</span><br></pre></td></tr></table></figure>\n\n<p>More info: <a class=\"link\"   href=\"https://hexo.io/docs/server.html\" >Server<i class=\"fas fa-external-link-alt\"></i></a></p>\n<h3 id=\"Generate-static-files\"><a href=\"#Generate-static-files\" class=\"headerlink\" title=\"Generate static files\"></a>Generate static files</h3><figure class=\"highlight bash\"><table><tr><td class=\"gutter\"><pre><span class=\"line\">1</span><br></pre></td><td class=\"code\"><pre><span class=\"line\">$ hexo generate</span><br></pre></td></tr></table></figure>\n\n<p>More info: <a class=\"link\"   href=\"https://hexo.io/docs/generating.html\" >Generating<i class=\"fas fa-external-link-alt\"></i></a></p>\n<h3 id=\"Deploy-to-remote-sites\"><a href=\"#Deploy-to-remote-sites\" class=\"headerlink\" title=\"Deploy to remote sites\"></a>Deploy to remote sites</h3><figure class=\"highlight bash\"><table><tr><td class=\"gutter\"><pre><span class=\"line\">1</span><br></pre></td><td class=\"code\"><pre><span class=\"line\">$ hexo deploy</span><br></pre></td></tr></table></figure>\n\n<p>More info: <a class=\"link\"   href=\"https://hexo.io/docs/one-command-deployment.html\" >Deployment<i class=\"fas fa-external-link-alt\"></i></a></p>\n","site":{"data":{}},"excerpt":"","more":"<p>Welcome to <a class=\"link\"   href=\"https://hexo.io/\" >Hexo<i class=\"fas fa-external-link-alt\"></i></a>! This is your very first post. Check <a class=\"link\"   href=\"https://hexo.io/docs/\" >documentation<i class=\"fas fa-external-link-alt\"></i></a> for more info. If you get any problems when using Hexo, you can find the answer in <a class=\"link\"   href=\"https://hexo.io/docs/troubleshooting.html\" >troubleshooting<i class=\"fas fa-external-link-alt\"></i></a> or you can ask me on <a class=\"link\"   href=\"https://github.com/hexojs/hexo/issues\" >GitHub<i class=\"fas fa-external-link-alt\"></i></a>.</p>\n<h2 id=\"Quick-Start\"><a href=\"#Quick-Start\" class=\"headerlink\" title=\"Quick Start\"></a>Quick Start</h2><h3 id=\"Create-a-new-post\"><a href=\"#Create-a-new-post\" class=\"headerlink\" title=\"Create a new post\"></a>Create a new post</h3><figure class=\"highlight bash\"><table><tr><td class=\"gutter\"><pre><span class=\"line\">1</span><br></pre></td><td class=\"code\"><pre><span class=\"line\">$ hexo new <span class=\"string\">&quot;My New Post&quot;</span></span><br></pre></td></tr></table></figure>\n\n<p>More info: <a class=\"link\"   href=\"https://hexo.io/docs/writing.html\" >Writing<i class=\"fas fa-external-link-alt\"></i></a></p>\n<h3 id=\"Run-server\"><a href=\"#Run-server\" class=\"headerlink\" title=\"Run server\"></a>Run server</h3><figure class=\"highlight bash\"><table><tr><td class=\"gutter\"><pre><span class=\"line\">1</span><br></pre></td><td class=\"code\"><pre><span class=\"line\">$ hexo server</span><br></pre></td></tr></table></figure>\n\n<p>More info: <a class=\"link\"   href=\"https://hexo.io/docs/server.html\" >Server<i class=\"fas fa-external-link-alt\"></i></a></p>\n<h3 id=\"Generate-static-files\"><a href=\"#Generate-static-files\" class=\"headerlink\" title=\"Generate static files\"></a>Generate static files</h3><figure class=\"highlight bash\"><table><tr><td class=\"gutter\"><pre><span class=\"line\">1</span><br></pre></td><td class=\"code\"><pre><span class=\"line\">$ hexo generate</span><br></pre></td></tr></table></figure>\n\n<p>More info: <a class=\"link\"   href=\"https://hexo.io/docs/generating.html\" >Generating<i class=\"fas fa-external-link-alt\"></i></a></p>\n<h3 id=\"Deploy-to-remote-sites\"><a href=\"#Deploy-to-remote-sites\" class=\"headerlink\" title=\"Deploy to remote sites\"></a>Deploy to remote sites</h3><figure class=\"highlight bash\"><table><tr><td class=\"gutter\"><pre><span class=\"line\">1</span><br></pre></td><td class=\"code\"><pre><span class=\"line\">$ hexo deploy</span><br></pre></td></tr></table></figure>\n\n<p>More info: <a class=\"link\"   href=\"https://hexo.io/docs/one-command-deployment.html\" >Deployment<i class=\"fas fa-external-link-alt\"></i></a></p>\n"}],"PostAsset":[],"PostCategory":[],"PostTag":[],"Tag":[]}}